Date,Name,Year,Letterboxd URI
2022-10-10,Reservoir Dogs,1992,https://boxd.it/2agc
2022-10-10,Citizen Kane,1941,https://boxd.it/71O
2022-10-10,Adam's Apples,2005,https://boxd.it/297e
2022-10-10,Pusher,1996,https://boxd.it/27wG
2023-08-09,One Flew Over the Cuckoo's Nest,1975,https://boxd.it/2aeA
2023-08-09,Vertigo,1958,https://boxd.it/2apI
2023-08-09,It's a Wonderful Life,1946,https://boxd.it/28xA
2023-08-09,Life Is Beautiful,1997,https://boxd.it/29Wm
2023-08-09,The Pianist,2002,https://boxd.it/2aqc
2023-08-09,Lost in Translation,2003,https://boxd.it/2b0E
2023-08-09,Eden Lake,2008,https://boxd.it/1Q1m
2023-08-28,Nina,2018,https://boxd.it/nCJy
2023-08-28,The Man Who Was Allowed to Leave,1995,https://boxd.it/6UU6
2023-08-28,Faith, Hope and Witchcraft,1960,https://boxd.it/84CS
2023-08-28,F√¶r√∏erne.dk,2003,https://boxd.it/wjKU
2023-08-28,Rannv√°,1975,https://boxd.it/xqNo
2023-08-28,Waves: A Portrait of Maria √° Heygum,2010,https://boxd.it/8jRe
2023-08-28,Guilt,2014,https://boxd.it/bQYS
2023-08-28,Barbara,1997,https://boxd.it/4Tyu
2023-08-28,The Faroe Islands,1930,https://boxd.it/xFCA
2023-08-28,The Islands and the Whales,2016,https://boxd.it/dNe2
2023-08-28,A Taste of Whale,2022,https://boxd.it/zO1s
2023-08-28,Mythical Woman,2014,https://boxd.it/y6k4
2023-08-28,Boys,2016,https://boxd.it/pV4e
2023-08-28,Karmok,2012,https://boxd.it/cwDi
2023-08-28,Flee,2021,https://boxd.it/ponM
2023-08-28,Winter Morning,2014,https://boxd.it/7xum
2023-08-28,The Cigarette,2010,https://boxd.it/8jR4
2023-08-28,My Room,2008,https://boxd.it/dlNe
2023-08-28,Eina,2013,https://boxd.it/nlee
2023-10-11,Qivitoq,1956,https://boxd.it/2ocy
2023-10-11,Ivalu,2023,https://boxd.it/DqWW
2023-11-26,Pretty in Pink,1986,https://boxd.it/1TEw
2023-12-02,The Act of Killing,2012,https://boxd.it/44Cg
2023-12-13,The Thomas Crown Affair,1999,https://boxd.it/29im
2023-12-14,Eighth Grade,2018,https://boxd.it/hDMG
2024-01-25,The Death of Stalin,2017,https://boxd.it/ea9Y
2024-01-25,Good Bye Lenin!,2003,https://boxd.it/2ayA
2024-03-28,Dead Silence,2007,https://boxd.it/1OWK
2024-03-28,Poltergeist,1982,https://boxd.it/2a0o
2024-04-08,Hotel Rwanda,2004,https://boxd.it/2aSA
2024-04-20,Pan's Labyrinth,2006,https://boxd.it/28No
2024-05-17,Scooby-Doo,2002,https://boxd.it/1YaQ
2024-05-17,The Experiment,2010,https://boxd.it/2rPe
2024-05-21,The Ritual,2017,https://boxd.it/fo0I
2024-05-27,Children of Nature,1991,https://boxd.it/1sYk
2024-05-30,Midsommar,2019,https://boxd.it/jhxe
2024-06-16,Precious,2009,https://boxd.it/1v6K
2024-06-16,The Fast and the Furious,2001,https://boxd.it/1XMu
2024-06-18,Dunkirk,2017,https://boxd.it/d0Y6
2024-06-27,Rain Man,1988,https://boxd.it/2avw
2024-07-05,On the Silver Globe,1988,https://boxd.it/1sAM
2024-07-05,The Adventures of Robin Hood,1938,https://boxd.it/1V6G
2024-07-05,The Apartment,1960,https://boxd.it/2aGE
2024-07-05,The Last Picture Show,1971,https://boxd.it/1weg
2024-07-13,Blow,2001,https://boxd.it/24Mm
2024-07-13,28 Days Later,2002,https://boxd.it/2aXU
2024-07-21,Four Lions,2010,https://boxd.it/18do
2024-07-25,Black Swan,2010,https://boxd.it/Sw0
2024-07-25,Shutter Island,2010,https://boxd.it/1U82
2024-07-25,Blue Valentine,2010,https://boxd.it/MxG
2024-07-25,A Separation,2011,https://boxd.it/gvo
2024-07-25,The Descendants,2011,https://boxd.it/4Ba
2024-07-25,Django Unchained,2012,https://boxd.it/2cCk
2024-07-25,The Avengers,2012,https://boxd.it/1xFW
2024-07-25,Lincoln,2012,https://boxd.it/2n2s
2024-07-25,Her,2013,https://boxd.it/4O24
2024-07-25,The Secret Life of Walter Mitty,2013,https://boxd.it/3SWy
2024-07-25,Gone Girl,2014,https://boxd.it/6hQu
2024-07-25,The Hateful Eight,2015,https://boxd.it/8gw8
2024-07-25,Angels of the Universe,2000,https://boxd.it/1DYA
2024-07-26,Downfall,2004,https://boxd.it/2a04
2024-07-26,Das Boot,1981,https://boxd.it/2av2
2024-07-29,The King's Choice,2016,https://boxd.it/dSNQ
2024-08-09,The Revenant,2015,https://boxd.it/8H5e
2024-09-02,The Grizzlies,2018,https://boxd.it/jFyg
2024-09-03,Rosemary's Baby,1968,https://boxd.it/29zM
2024-09-03,Alien: Romulus,2024,https://boxd.it/zGqO
2024-09-04,Kalak,2023,https://boxd.it/CDHo
2024-09-05,Idiocracy,2006,https://boxd.it/20RW
2024-09-09,The Age of Adaline,2015,https://boxd.it/9ghu
2024-09-16,In the Mood for Love,2000,https://boxd.it/29tE
2024-09-16,Lilya 4-ever,2002,https://boxd.it/1SyW
2024-09-16,Fight Club,1999,https://boxd.it/2a9q
2024-09-16,The Usual Suspects,1995,https://boxd.it/29XE
2024-09-16,Death Proof,2007,https://boxd.it/27GG
2024-09-16,Grindhouse,2007,https://boxd.it/8RwY
2024-09-16,From Dusk Till Dawn,1996,https://boxd.it/29HQ
2024-09-16,When Harry Met Sally...,1989,https://boxd.it/29W2
2024-09-16,Into the Wild,2007,https://boxd.it/22m2
2024-09-16,Forgetting Sarah Marshall,2008,https://boxd.it/1XEq
2024-09-16,La La Land,2016,https://boxd.it/a5fa
2024-09-16,To Kill a Mockingbird,1962,https://boxd.it/2a2E
2024-09-16,Million Dollar Baby,2004,https://boxd.it/2bdI
2024-09-16,Scarface,1983,https://boxd.it/2b7g
2024-09-16,Eternal Sunshine of the Spotless Mind,2004,https://boxd.it/6YK
2024-09-16,Transhood,2020,https://boxd.it/pZtW
2024-09-16,Apocalypse Now,1979,https://boxd.it/6ZS
2024-09-16,Apocalypto,2006,https://boxd.it/28yy
2024-09-16,Pirates of the Caribbean: Dead Men Tell No Tales,2017,https://boxd.it/5a9m
2024-09-16,The Kid,1921,https://boxd.it/1X5U
2024-09-16,Mary and Max,2009,https://boxd.it/1y2m
2024-09-16,Mommy,2014,https://boxd.it/7Uau
2024-09-16,Incendies,2010,https://boxd.it/Msm
2024-09-16,Timbuktu,2014,https://boxd.it/7UrK
2024-09-16,Young & Beautiful,2013,https://boxd.it/5B0Q
2024-09-16,Girlhood,2014,https://boxd.it/7WyIs
2024-09-16,Tom at the Farm,2013,https://boxd.it/5B5m
2024-09-16,The Phantom of the Opera,2004,https://boxd.it/1XHu
2024-09-16,Ferris Bueller's Day Off,1986,https://boxd.it/1YPY
2024-09-16,The Mask of Zorro,1998,https://boxd.it/1YVi
2024-09-17,Sin Nombre,2009,https://boxd.it/1ChU
2024-09-17,Decision to Leave,2022,https://boxd.it/qp9e
2024-09-17,Drive My Car,2021,https://boxd.it/sv94
2024-09-17,Shoplifters,2018,https://boxd.it/ifY6
2024-09-17,Roma,2018,https://boxd.it/f69M
2024-09-18,Force Majeure,2014,https://boxd.it/7UcA
2024-09-18,The Square,2017,https://boxd.it/e5YW
2024-09-18,Burlesque,2010,https://boxd.it/Xfo
2024-09-18,The Hundred-Foot Journey,2014,https://boxd.it/6JBi
2024-09-18,Apollo 13,1995,https://boxd.it/2a6G
2024-09-18,While You Were Sleeping,1995,https://boxd.it/27wm
2024-09-18,Luca,2021,https://boxd.it/ipjC
2024-09-18,The Secret Garden,1993,https://boxd.it/1Uim
2024-09-20,In a Lonely Place,1950,https://boxd.it/1JgO
2024-09-20,Naked,1993,https://boxd.it/1BT4
2024-09-20,Possession,1981,https://boxd.it/1BPm
2024-09-20,Paris, Texas,1984,https://boxd.it/29Ts
2024-09-20,Scott Pilgrim vs. the World,2010,https://boxd.it/1Aq6
2024-09-20,A Brighter Summer Day,1991,https://boxd.it/1Luy
